col0,col1
debug,debug
debug,debug
debug,debug
debug,debug
debug,host
debug,host
debug,host
debug,host
debug,port
debug,port
debug,port
debug,port
host,debug
host,debug
host,debug
host,debug
host,host
host,host
host,host
host,host
host,hostname
host,hostname
host,hostname
host,port
host,port
host,port
host,port
host,serverPort
host,serverPort
host,serverPort
port,debug
port,debug
port,debug
port,debug
port,host
port,host
port,host
port,host
port,hostname
port,hostname
port,hostname
port,port
port,port
port,port
port,port
port,serverPort
port,serverPort
port,serverPort
